kreis_ags,kreis_name,jahr,stichtag,bevoelkerung,begriff,methode,anteil_interpoliert,quelle,bemerkung
12051,"Brandenburg an der Havel, Stadt",1875,1875-12-01,34052,ortsanwesende Bevölkerung,A,0,"Amt für Statistik Berlin-Brandenburg, Historisches Gemeindeverzeichnis des Landes Brandenburg 1875 bis 2005, Tabelle 1 (Gebietsstand 31.12.2005)",
12052,"Cottbus, Stadt",1875,1875-12-01,35201,ortsanwesende Bevölkerung,A,0,"Amt für Statistik Berlin-Brandenburg, Historisches Gemeindeverzeichnis des Landes Brandenburg 1875 bis 2005, Tabelle 1 (Gebietsstand 31.12.2005)",
12053,"Frankfurt (Oder), Stadt",1875,1875-12-01,43491,ortsanwesende Bevölkerung,A,0,"Amt für Statistik Berlin-Brandenburg, Historisches Gemeindeverzeichnis des Landes Brandenburg 1875 bis 2005, Tabelle 1 (Gebietsstand 31.12.2005)",
12054,"Potsdam, Stadt",1875,1875-12-01,61719,ortsanwesende Bevölkerung,A,0,"Amt für Statistik Berlin-Brandenburg, Historisches Gemeindeverzeichnis des Landes Brandenburg 1875 bis 2005, Tabelle 1 (Gebietsstand 31.12.2005)",
12060,Barnim,1875,1875-12-01,74305,ortsanwesende Bevölkerung,A,0,"Amt für Statistik Berlin-Brandenburg, Historisches Gemeindeverzeichnis des Landes Brandenburg 1875 bis 2005, Tabelle 1 (Gebietsstand 31.12.2005)",
12061,Dahme-Spreewald,1875,1875-12-01,83381,ortsanwesende Bevölkerung,A,0,"Amt für Statistik Berlin-Brandenburg, Historisches Gemeindeverzeichnis des Landes Brandenburg 1875 bis 2005, Tabelle 1 (Gebietsstand 31.12.2005)",
12062,Elbe-Elster,1875,1875-12-01,89046,ortsanwesende Bevölkerung,A,0,"Amt für Statistik Berlin-Brandenburg, Historisches Gemeindeverzeichnis des Landes Brandenburg 1875 bis 2005, Tabelle 1 (Gebietsstand 31.12.2005)",
12063,Havelland,1875,1875-12-01,68310,ortsanwesende Bevölkerung,A,0,"Amt für Statistik Berlin-Brandenburg, Historisches Gemeindeverzeichnis des Landes Brandenburg 1875 bis 2005, Tabelle 1 (Gebietsstand 31.12.2005)",
12064,Märkisch-Oderland,1875,1875-12-01,137225,ortsanwesende Bevölkerung,A,0,"Amt für Statistik Berlin-Brandenburg, Historisches Gemeindeverzeichnis des Landes Brandenburg 1875 bis 2005, Tabelle 1 (Gebietsstand 31.12.2005)",
12065,Oberhavel,1875,1875-12-01,64084,ortsanwesende Bevölkerung,A,0,"Amt für Statistik Berlin-Brandenburg, Historisches Gemeindeverzeichnis des Landes Brandenburg 1875 bis 2005, Tabelle 1 (Gebietsstand 31.12.2005)",
12066,Oberspreewald-Lausitz,1875,1875-12-01,58860,ortsanwesende Bevölkerung,A,0,"Amt für Statistik Berlin-Brandenburg, Historisches Gemeindeverzeichnis des Landes Brandenburg 1875 bis 2005, Tabelle 1 (Gebietsstand 31.12.2005)",
12067,Oder-Spree,1875,1875-12-01,87934,ortsanwesende Bevölkerung,A,0,"Amt für Statistik Berlin-Brandenburg, Historisches Gemeindeverzeichnis des Landes Brandenburg 1875 bis 2005, Tabelle 1 (Gebietsstand 31.12.2005)",
12068,Ostprignitz-Ruppin,1875,1875-12-01,101605,ortsanwesende Bevölkerung,A,0,"Amt für Statistik Berlin-Brandenburg, Historisches Gemeindeverzeichnis des Landes Brandenburg 1875 bis 2005, Tabelle 1 (Gebietsstand 31.12.2005)",
12069,Potsdam-Mittelmark,1875,1875-12-01,97780,ortsanwesende Bevölkerung,A,0,"Amt für Statistik Berlin-Brandenburg, Historisches Gemeindeverzeichnis des Landes Brandenburg 1875 bis 2005, Tabelle 1 (Gebietsstand 31.12.2005)",
12070,Prignitz,1875,1875-12-01,89625,ortsanwesende Bevölkerung,A,0,"Amt für Statistik Berlin-Brandenburg, Historisches Gemeindeverzeichnis des Landes Brandenburg 1875 bis 2005, Tabelle 1 (Gebietsstand 31.12.2005)",
12071,Spree-Neiße,1875,1875-12-01,101025,ortsanwesende Bevölkerung,A,0,"Amt für Statistik Berlin-Brandenburg, Historisches Gemeindeverzeichnis des Landes Brandenburg 1875 bis 2005, Tabelle 1 (Gebietsstand 31.12.2005)",
12072,Teltow-Fläming,1875,1875-12-01,86834,ortsanwesende Bevölkerung,A,0,"Amt für Statistik Berlin-Brandenburg, Historisches Gemeindeverzeichnis des Landes Brandenburg 1875 bis 2005, Tabelle 1 (Gebietsstand 31.12.2005)",
12073,Uckermark,1875,1875-12-01,129964,ortsanwesende Bevölkerung,A,0,"Amt für Statistik Berlin-Brandenburg, Historisches Gemeindeverzeichnis des Landes Brandenburg 1875 bis 2005, Tabelle 1 (Gebietsstand 31.12.2005)",
12051,"Brandenburg an der Havel, Stadt",1890,1890-12-01,44664,ortsanwesende Bevölkerung,A,0,"Amt für Statistik Berlin-Brandenburg, Historisches Gemeindeverzeichnis des Landes Brandenburg 1875 bis 2005, Tabelle 1 (Gebietsstand 31.12.2005)",
12052,"Cottbus, Stadt",1890,1890-12-01,46671,ortsanwesende Bevölkerung,A,0,"Amt für Statistik Berlin-Brandenburg, Historisches Gemeindeverzeichnis des Landes Brandenburg 1875 bis 2005, Tabelle 1 (Gebietsstand 31.12.2005)",
12053,"Frankfurt (Oder), Stadt",1890,1890-12-01,50108,ortsanwesende Bevölkerung,A,0,"Amt für Statistik Berlin-Brandenburg, Historisches Gemeindeverzeichnis des Landes Brandenburg 1875 bis 2005, Tabelle 1 (Gebietsstand 31.12.2005)",
12054,"Potsdam, Stadt",1890,1890-12-01,77301,ortsanwesende Bevölkerung,A,0,"Amt für Statistik Berlin-Brandenburg, Historisches Gemeindeverzeichnis des Landes Brandenburg 1875 bis 2005, Tabelle 1 (Gebietsstand 31.12.2005)",
12060,Barnim,1890,1890-12-01,85169,ortsanwesende Bevölkerung,A,0,"Amt für Statistik Berlin-Brandenburg, Historisches Gemeindeverzeichnis des Landes Brandenburg 1875 bis 2005, Tabelle 1 (Gebietsstand 31.12.2005)",
12061,Dahme-Spreewald,1890,1890-12-01,87772,ortsanwesende Bevölkerung,A,0,"Amt für Statistik Berlin-Brandenburg, Historisches Gemeindeverzeichnis des Landes Brandenburg 1875 bis 2005, Tabelle 1 (Gebietsstand 31.12.2005)",
12062,Elbe-Elster,1890,1890-12-01,95414,ortsanwesende Bevölkerung,A,0,"Amt für Statistik Berlin-Brandenburg, Historisches Gemeindeverzeichnis des Landes Brandenburg 1875 bis 2005, Tabelle 1 (Gebietsstand 31.12.2005)",
12063,Havelland,1890,1890-12-01,78689,ortsanwesende Bevölkerung,A,0,"Amt für Statistik Berlin-Brandenburg, Historisches Gemeindeverzeichnis des Landes Brandenburg 1875 bis 2005, Tabelle 1 (Gebietsstand 31.12.2005)",
12064,Märkisch-Oderland,1890,1890-12-01,134950,ortsanwesende Bevölkerung,A,0,"Amt für Statistik Berlin-Brandenburg, Historisches Gemeindeverzeichnis des Landes Brandenburg 1875 bis 2005, Tabelle 1 (Gebietsstand 31.12.2005)",
12065,Oberhavel,1890,1890-12-01,75767,ortsanwesende Bevölkerung,A,0,"Amt für Statistik Berlin-Brandenburg, Historisches Gemeindeverzeichnis des Landes Brandenburg 1875 bis 2005, Tabelle 1 (Gebietsstand 31.12.2005)",
12066,Oberspreewald-Lausitz,1890,1890-12-01,69525,ortsanwesende Bevölkerung,A,0,"Amt für Statistik Berlin-Brandenburg, Historisches Gemeindeverzeichnis des Landes Brandenburg 1875 bis 2005, Tabelle 1 (Gebietsstand 31.12.2005)",
12067,Oder-Spree,1890,1890-12-01,94469,ortsanwesende Bevölkerung,A,0,"Amt für Statistik Berlin-Brandenburg, Historisches Gemeindeverzeichnis des Landes Brandenburg 1875 bis 2005, Tabelle 1 (Gebietsstand 31.12.2005)",
12068,Ostprignitz-Ruppin,1890,1890-12-01,102153,ortsanwesende Bevölkerung,A,0,"Amt für Statistik Berlin-Brandenburg, Historisches Gemeindeverzeichnis des Landes Brandenburg 1875 bis 2005, Tabelle 1 (Gebietsstand 31.12.2005)",
12069,Potsdam-Mittelmark,1890,1890-12-01,105144,ortsanwesende Bevölkerung,A,0,"Amt für Statistik Berlin-Brandenburg, Historisches Gemeindeverzeichnis des Landes Brandenburg 1875 bis 2005, Tabelle 1 (Gebietsstand 31.12.2005)",
12070,Prignitz,1890,1890-12-01,92023,ortsanwesende Bevölkerung,A,0,"Amt für Statistik Berlin-Brandenburg, Historisches Gemeindeverzeichnis des Landes Brandenburg 1875 bis 2005, Tabelle 1 (Gebietsstand 31.12.2005)",
12071,Spree-Neiße,1890,1890-12-01,113766,ortsanwesende Bevölkerung,A,0,"Amt für Statistik Berlin-Brandenburg, Historisches Gemeindeverzeichnis des Landes Brandenburg 1875 bis 2005, Tabelle 1 (Gebietsstand 31.12.2005)",
12072,Teltow-Fläming,1890,1890-12-01,96168,ortsanwesende Bevölkerung,A,0,"Amt für Statistik Berlin-Brandenburg, Historisches Gemeindeverzeichnis des Landes Brandenburg 1875 bis 2005, Tabelle 1 (Gebietsstand 31.12.2005)",
12073,Uckermark,1890,1890-12-01,128385,ortsanwesende Bevölkerung,A,0,"Amt für Statistik Berlin-Brandenburg, Historisches Gemeindeverzeichnis des Landes Brandenburg 1875 bis 2005, Tabelle 1 (Gebietsstand 31.12.2005)",
12051,"Brandenburg an der Havel, Stadt",1910,1910-12-01,60339,ortsanwesende Bevölkerung,A,0,"Amt für Statistik Berlin-Brandenburg, Historisches Gemeindeverzeichnis des Landes Brandenburg 1875 bis 2005, Tabelle 1 (Gebietsstand 31.12.2005)",
12052,"Cottbus, Stadt",1910,1910-12-01,65438,ortsanwesende Bevölkerung,A,0,"Amt für Statistik Berlin-Brandenburg, Historisches Gemeindeverzeichnis des Landes Brandenburg 1875 bis 2005, Tabelle 1 (Gebietsstand 31.12.2005)",
12053,"Frankfurt (Oder), Stadt",1910,1910-12-01,59905,ortsanwesende Bevölkerung,A,0,"Amt für Statistik Berlin-Brandenburg, Historisches Gemeindeverzeichnis des Landes Brandenburg 1875 bis 2005, Tabelle 1 (Gebietsstand 31.12.2005)",
12054,"Potsdam, Stadt",1910,1910-12-01,101950,ortsanwesende Bevölkerung,A,0,"Amt für Statistik Berlin-Brandenburg, Historisches Gemeindeverzeichnis des Landes Brandenburg 1875 bis 2005, Tabelle 1 (Gebietsstand 31.12.2005)",
12060,Barnim,1910,1910-12-01,106837,ortsanwesende Bevölkerung,A,0,"Amt für Statistik Berlin-Brandenburg, Historisches Gemeindeverzeichnis des Landes Brandenburg 1875 bis 2005, Tabelle 1 (Gebietsstand 31.12.2005)",
12061,Dahme-Spreewald,1910,1910-12-01,103543,ortsanwesende Bevölkerung,A,0,"Amt für Statistik Berlin-Brandenburg, Historisches Gemeindeverzeichnis des Landes Brandenburg 1875 bis 2005, Tabelle 1 (Gebietsstand 31.12.2005)",
12062,Elbe-Elster,1910,1910-12-01,116632,ortsanwesende Bevölkerung,A,0,"Amt für Statistik Berlin-Brandenburg, Historisches Gemeindeverzeichnis des Landes Brandenburg 1875 bis 2005, Tabelle 1 (Gebietsstand 31.12.2005)",
12063,Havelland,1910,1910-12-01,93714,ortsanwesende Bevölkerung,A,0,"Amt für Statistik Berlin-Brandenburg, Historisches Gemeindeverzeichnis des Landes Brandenburg 1875 bis 2005, Tabelle 1 (Gebietsstand 31.12.2005)",
12064,Märkisch-Oderland,1910,1910-12-01,141360,ortsanwesende Bevölkerung,A,0,"Amt für Statistik Berlin-Brandenburg, Historisches Gemeindeverzeichnis des Landes Brandenburg 1875 bis 2005, Tabelle 1 (Gebietsstand 31.12.2005)",
12065,Oberhavel,1910,1910-12-01,99395,ortsanwesende Bevölkerung,A,0,"Amt für Statistik Berlin-Brandenburg, Historisches Gemeindeverzeichnis des Landes Brandenburg 1875 bis 2005, Tabelle 1 (Gebietsstand 31.12.2005)",
12066,Oberspreewald-Lausitz,1910,1910-12-01,109357,ortsanwesende Bevölkerung,A,0,"Amt für Statistik Berlin-Brandenburg, Historisches Gemeindeverzeichnis des Landes Brandenburg 1875 bis 2005, Tabelle 1 (Gebietsstand 31.12.2005)",
12067,Oder-Spree,1910,1910-12-01,115555,ortsanwesende Bevölkerung,A,0,"Amt für Statistik Berlin-Brandenburg, Historisches Gemeindeverzeichnis des Landes Brandenburg 1875 bis 2005, Tabelle 1 (Gebietsstand 31.12.2005)",
12068,Ostprignitz-Ruppin,1910,1910-12-01,102634,ortsanwesende Bevölkerung,A,0,"Amt für Statistik Berlin-Brandenburg, Historisches Gemeindeverzeichnis des Landes Brandenburg 1875 bis 2005, Tabelle 1 (Gebietsstand 31.12.2005)",
12069,Potsdam-Mittelmark,1910,1910-12-01,117118,ortsanwesende Bevölkerung,A,0,"Amt für Statistik Berlin-Brandenburg, Historisches Gemeindeverzeichnis des Landes Brandenburg 1875 bis 2005, Tabelle 1 (Gebietsstand 31.12.2005)",
12070,Prignitz,1910,1910-12-01,104107,ortsanwesende Bevölkerung,A,0,"Amt für Statistik Berlin-Brandenburg, Historisches Gemeindeverzeichnis des Landes Brandenburg 1875 bis 2005, Tabelle 1 (Gebietsstand 31.12.2005)",
12071,Spree-Neiße,1910,1910-12-01,138428,ortsanwesende Bevölkerung,A,0,"Amt für Statistik Berlin-Brandenburg, Historisches Gemeindeverzeichnis des Landes Brandenburg 1875 bis 2005, Tabelle 1 (Gebietsstand 31.12.2005)",
12072,Teltow-Fläming,1910,1910-12-01,110132,ortsanwesende Bevölkerung,A,0,"Amt für Statistik Berlin-Brandenburg, Historisches Gemeindeverzeichnis des Landes Brandenburg 1875 bis 2005, Tabelle 1 (Gebietsstand 31.12.2005)",
12073,Uckermark,1910,1910-12-01,132931,ortsanwesende Bevölkerung,A,0,"Amt für Statistik Berlin-Brandenburg, Historisches Gemeindeverzeichnis des Landes Brandenburg 1875 bis 2005, Tabelle 1 (Gebietsstand 31.12.2005)",
12051,"Brandenburg an der Havel, Stadt",1925,1925-06-16,70519,ortsanwesende Bevölkerung,A,0,"Amt für Statistik Berlin-Brandenburg, Historisches Gemeindeverzeichnis des Landes Brandenburg 1875 bis 2005, Tabelle 1 (Gebietsstand 31.12.2005)",
12052,"Cottbus, Stadt",1925,1925-06-16,68228,ortsanwesende Bevölkerung,A,0,"Amt für Statistik Berlin-Brandenburg, Historisches Gemeindeverzeichnis des Landes Brandenburg 1875 bis 2005, Tabelle 1 (Gebietsstand 31.12.2005)",
12053,"Frankfurt (Oder), Stadt",1925,1925-06-16,62044,ortsanwesende Bevölkerung,A,0,"Amt für Statistik Berlin-Brandenburg, Historisches Gemeindeverzeichnis des Landes Brandenburg 1875 bis 2005, Tabelle 1 (Gebietsstand 31.12.2005)",
12054,"Potsdam, Stadt",1925,1925-06-16,107734,ortsanwesende Bevölkerung,A,0,"Amt für Statistik Berlin-Brandenburg, Historisches Gemeindeverzeichnis des Landes Brandenburg 1875 bis 2005, Tabelle 1 (Gebietsstand 31.12.2005)",
12060,Barnim,1925,1925-06-16,115955,ortsanwesende Bevölkerung,A,0,"Amt für Statistik Berlin-Brandenburg, Historisches Gemeindeverzeichnis des Landes Brandenburg 1875 bis 2005, Tabelle 1 (Gebietsstand 31.12.2005)",
12061,Dahme-Spreewald,1925,1925-06-16,109281,ortsanwesende Bevölkerung,A,0,"Amt für Statistik Berlin-Brandenburg, Historisches Gemeindeverzeichnis des Landes Brandenburg 1875 bis 2005, Tabelle 1 (Gebietsstand 31.12.2005)",
12062,Elbe-Elster,1925,1925-06-16,124457,ortsanwesende Bevölkerung,A,0,"Amt für Statistik Berlin-Brandenburg, Historisches Gemeindeverzeichnis des Landes Brandenburg 1875 bis 2005, Tabelle 1 (Gebietsstand 31.12.2005)",
12063,Havelland,1925,1925-06-16,108499,ortsanwesende Bevölkerung,A,0,"Amt für Statistik Berlin-Brandenburg, Historisches Gemeindeverzeichnis des Landes Brandenburg 1875 bis 2005, Tabelle 1 (Gebietsstand 31.12.2005)",
12064,Märkisch-Oderland,1925,1925-06-16,157667,ortsanwesende Bevölkerung,A,0,"Amt für Statistik Berlin-Brandenburg, Historisches Gemeindeverzeichnis des Landes Brandenburg 1875 bis 2005, Tabelle 1 (Gebietsstand 31.12.2005)",
12065,Oberhavel,1925,1925-06-16,119031,ortsanwesende Bevölkerung,A,0,"Amt für Statistik Berlin-Brandenburg, Historisches Gemeindeverzeichnis des Landes Brandenburg 1875 bis 2005, Tabelle 1 (Gebietsstand 31.12.2005)",
12066,Oberspreewald-Lausitz,1925,1925-06-16,128487,ortsanwesende Bevölkerung,A,0,"Amt für Statistik Berlin-Brandenburg, Historisches Gemeindeverzeichnis des Landes Brandenburg 1875 bis 2005, Tabelle 1 (Gebietsstand 31.12.2005)",
12067,Oder-Spree,1925,1925-06-16,128292,ortsanwesende Bevölkerung,A,0,"Amt für Statistik Berlin-Brandenburg, Historisches Gemeindeverzeichnis des Landes Brandenburg 1875 bis 2005, Tabelle 1 (Gebietsstand 31.12.2005)",
12068,Ostprignitz-Ruppin,1925,1925-06-16,106311,ortsanwesende Bevölkerung,A,0,"Amt für Statistik Berlin-Brandenburg, Historisches Gemeindeverzeichnis des Landes Brandenburg 1875 bis 2005, Tabelle 1 (Gebietsstand 31.12.2005)",
12069,Potsdam-Mittelmark,1925,1925-06-16,125508,ortsanwesende Bevölkerung,A,0,"Amt für Statistik Berlin-Brandenburg, Historisches Gemeindeverzeichnis des Landes Brandenburg 1875 bis 2005, Tabelle 1 (Gebietsstand 31.12.2005)",
12070,Prignitz,1925,1925-06-16,113250,ortsanwesende Bevölkerung,A,0,"Amt für Statistik Berlin-Brandenburg, Historisches Gemeindeverzeichnis des Landes Brandenburg 1875 bis 2005, Tabelle 1 (Gebietsstand 31.12.2005)",
12071,Spree-Neiße,1925,1925-06-16,144789,ortsanwesende Bevölkerung,A,0,"Amt für Statistik Berlin-Brandenburg, Historisches Gemeindeverzeichnis des Landes Brandenburg 1875 bis 2005, Tabelle 1 (Gebietsstand 31.12.2005)",
12072,Teltow-Fläming,1925,1925-06-16,117872,ortsanwesende Bevölkerung,A,0,"Amt für Statistik Berlin-Brandenburg, Historisches Gemeindeverzeichnis des Landes Brandenburg 1875 bis 2005, Tabelle 1 (Gebietsstand 31.12.2005)",
12073,Uckermark,1925,1925-06-16,140942,ortsanwesende Bevölkerung,A,0,"Amt für Statistik Berlin-Brandenburg, Historisches Gemeindeverzeichnis des Landes Brandenburg 1875 bis 2005, Tabelle 1 (Gebietsstand 31.12.2005)",
12051,"Brandenburg an der Havel, Stadt",1933,1933-06-16,74800,ortsanwesende Bevölkerung,A,0,"Amt für Statistik Berlin-Brandenburg, Historisches Gemeindeverzeichnis des Landes Brandenburg 1875 bis 2005, Tabelle 1 (Gebietsstand 31.12.2005)",
12052,"Cottbus, Stadt",1933,1933-06-16,72286,ortsanwesende Bevölkerung,A,0,"Amt für Statistik Berlin-Brandenburg, Historisches Gemeindeverzeichnis des Landes Brandenburg 1875 bis 2005, Tabelle 1 (Gebietsstand 31.12.2005)",
12053,"Frankfurt (Oder), Stadt",1933,1933-06-16,65717,ortsanwesende Bevölkerung,A,0,"Amt für Statistik Berlin-Brandenburg, Historisches Gemeindeverzeichnis des Landes Brandenburg 1875 bis 2005, Tabelle 1 (Gebietsstand 31.12.2005)",
12054,"Potsdam, Stadt",1933,1933-06-16,116947,ortsanwesende Bevölkerung,A,0,"Amt für Statistik Berlin-Brandenburg, Historisches Gemeindeverzeichnis des Landes Brandenburg 1875 bis 2005, Tabelle 1 (Gebietsstand 31.12.2005)",
12060,Barnim,1933,1933-06-16,133005,ortsanwesende Bevölkerung,A,0,"Amt für Statistik Berlin-Brandenburg, Historisches Gemeindeverzeichnis des Landes Brandenburg 1875 bis 2005, Tabelle 1 (Gebietsstand 31.12.2005)",
12061,Dahme-Spreewald,1933,1933-06-16,120359,ortsanwesende Bevölkerung,A,0,"Amt für Statistik Berlin-Brandenburg, Historisches Gemeindeverzeichnis des Landes Brandenburg 1875 bis 2005, Tabelle 1 (Gebietsstand 31.12.2005)",
12062,Elbe-Elster,1933,1933-06-16,129274,ortsanwesende Bevölkerung,A,0,"Amt für Statistik Berlin-Brandenburg, Historisches Gemeindeverzeichnis des Landes Brandenburg 1875 bis 2005, Tabelle 1 (Gebietsstand 31.12.2005)",
12063,Havelland,1933,1933-06-16,119395,ortsanwesende Bevölkerung,A,0,"Amt für Statistik Berlin-Brandenburg, Historisches Gemeindeverzeichnis des Landes Brandenburg 1875 bis 2005, Tabelle 1 (Gebietsstand 31.12.2005)",
12064,Märkisch-Oderland,1933,1933-06-16,166664,ortsanwesende Bevölkerung,A,0,"Amt für Statistik Berlin-Brandenburg, Historisches Gemeindeverzeichnis des Landes Brandenburg 1875 bis 2005, Tabelle 1 (Gebietsstand 31.12.2005)",
12065,Oberhavel,1933,1933-06-16,138026,ortsanwesende Bevölkerung,A,0,"Amt für Statistik Berlin-Brandenburg, Historisches Gemeindeverzeichnis des Landes Brandenburg 1875 bis 2005, Tabelle 1 (Gebietsstand 31.12.2005)",
12066,Oberspreewald-Lausitz,1933,1933-06-16,133248,ortsanwesende Bevölkerung,A,0,"Amt für Statistik Berlin-Brandenburg, Historisches Gemeindeverzeichnis des Landes Brandenburg 1875 bis 2005, Tabelle 1 (Gebietsstand 31.12.2005)",
12067,Oder-Spree,1933,1933-06-16,141635,ortsanwesende Bevölkerung,A,0,"Amt für Statistik Berlin-Brandenburg, Historisches Gemeindeverzeichnis des Landes Brandenburg 1875 bis 2005, Tabelle 1 (Gebietsstand 31.12.2005)",
12068,Ostprignitz-Ruppin,1933,1933-06-16,109576,ortsanwesende Bevölkerung,A,0,"Amt für Statistik Berlin-Brandenburg, Historisches Gemeindeverzeichnis des Landes Brandenburg 1875 bis 2005, Tabelle 1 (Gebietsstand 31.12.2005)",
12069,Potsdam-Mittelmark,1933,1933-06-16,141531,ortsanwesende Bevölkerung,A,0,"Amt für Statistik Berlin-Brandenburg, Historisches Gemeindeverzeichnis des Landes Brandenburg 1875 bis 2005, Tabelle 1 (Gebietsstand 31.12.2005)",
12070,Prignitz,1933,1933-06-16,112411,ortsanwesende Bevölkerung,A,0,"Amt für Statistik Berlin-Brandenburg, Historisches Gemeindeverzeichnis des Landes Brandenburg 1875 bis 2005, Tabelle 1 (Gebietsstand 31.12.2005)",
12071,Spree-Neiße,1933,1933-06-16,152241,ortsanwesende Bevölkerung,A,0,"Amt für Statistik Berlin-Brandenburg, Historisches Gemeindeverzeichnis des Landes Brandenburg 1875 bis 2005, Tabelle 1 (Gebietsstand 31.12.2005)",
12072,Teltow-Fläming,1933,1933-06-16,125505,ortsanwesende Bevölkerung,A,0,"Amt für Statistik Berlin-Brandenburg, Historisches Gemeindeverzeichnis des Landes Brandenburg 1875 bis 2005, Tabelle 1 (Gebietsstand 31.12.2005)",
12073,Uckermark,1933,1933-06-16,137444,ortsanwesende Bevölkerung,A,0,"Amt für Statistik Berlin-Brandenburg, Historisches Gemeindeverzeichnis des Landes Brandenburg 1875 bis 2005, Tabelle 1 (Gebietsstand 31.12.2005)",
12051,"Brandenburg an der Havel, Stadt",1939,1939-05-17,91208,Wohnbevölkerung,A,0,"Amt für Statistik Berlin-Brandenburg, Historisches Gemeindeverzeichnis des Landes Brandenburg 1875 bis 2005, Tabelle 1 (Gebietsstand 31.12.2005)",
12052,"Cottbus, Stadt",1939,1939-05-17,75969,Wohnbevölkerung,A,0,"Amt für Statistik Berlin-Brandenburg, Historisches Gemeindeverzeichnis des Landes Brandenburg 1875 bis 2005, Tabelle 1 (Gebietsstand 31.12.2005)",
12053,"Frankfurt (Oder), Stadt",1939,1939-05-17,66962,Wohnbevölkerung,A,0,"Amt für Statistik Berlin-Brandenburg, Historisches Gemeindeverzeichnis des Landes Brandenburg 1875 bis 2005, Tabelle 1 (Gebietsstand 31.12.2005)",
12054,"Potsdam, Stadt",1939,1939-05-17,125664,Wohnbevölkerung,A,0,"Amt für Statistik Berlin-Brandenburg, Historisches Gemeindeverzeichnis des Landes Brandenburg 1875 bis 2005, Tabelle 1 (Gebietsstand 31.12.2005)",
12060,Barnim,1939,1939-05-17,154918,Wohnbevölkerung,A,0,"Amt für Statistik Berlin-Brandenburg, Historisches Gemeindeverzeichnis des Landes Brandenburg 1875 bis 2005, Tabelle 1 (Gebietsstand 31.12.2005)",
12061,Dahme-Spreewald,1939,1939-05-17,137972,Wohnbevölkerung,A,0,"Amt für Statistik Berlin-Brandenburg, Historisches Gemeindeverzeichnis des Landes Brandenburg 1875 bis 2005, Tabelle 1 (Gebietsstand 31.12.2005)",
12062,Elbe-Elster,1939,1939-05-17,135724,Wohnbevölkerung,A,0,"Amt für Statistik Berlin-Brandenburg, Historisches Gemeindeverzeichnis des Landes Brandenburg 1875 bis 2005, Tabelle 1 (Gebietsstand 31.12.2005)",
12063,Havelland,1939,1939-05-17,142609,Wohnbevölkerung,A,0,"Amt für Statistik Berlin-Brandenburg, Historisches Gemeindeverzeichnis des Landes Brandenburg 1875 bis 2005, Tabelle 1 (Gebietsstand 31.12.2005)",
12064,Märkisch-Oderland,1939,1939-05-17,177555,Wohnbevölkerung,A,0,"Amt für Statistik Berlin-Brandenburg, Historisches Gemeindeverzeichnis des Landes Brandenburg 1875 bis 2005, Tabelle 1 (Gebietsstand 31.12.2005)",
12065,Oberhavel,1939,1939-05-17,178595,Wohnbevölkerung,A,0,"Amt für Statistik Berlin-Brandenburg, Historisches Gemeindeverzeichnis des Landes Brandenburg 1875 bis 2005, Tabelle 1 (Gebietsstand 31.12.2005)",
12066,Oberspreewald-Lausitz,1939,1939-05-17,139774,Wohnbevölkerung,A,0,"Amt für Statistik Berlin-Brandenburg, Historisches Gemeindeverzeichnis des Landes Brandenburg 1875 bis 2005, Tabelle 1 (Gebietsstand 31.12.2005)",
12067,Oder-Spree,1939,1939-05-17,151802,Wohnbevölkerung,A,0,"Amt für Statistik Berlin-Brandenburg, Historisches Gemeindeverzeichnis des Landes Brandenburg 1875 bis 2005, Tabelle 1 (Gebietsstand 31.12.2005)",
12068,Ostprignitz-Ruppin,1939,1939-05-17,114606,Wohnbevölkerung,A,0,"Amt für Statistik Berlin-Brandenburg, Historisches Gemeindeverzeichnis des Landes Brandenburg 1875 bis 2005, Tabelle 1 (Gebietsstand 31.12.2005)",
12069,Potsdam-Mittelmark,1939,1939-05-17,171777,Wohnbevölkerung,A,0,"Amt für Statistik Berlin-Brandenburg, Historisches Gemeindeverzeichnis des Landes Brandenburg 1875 bis 2005, Tabelle 1 (Gebietsstand 31.12.2005)",
12070,Prignitz,1939,1939-05-17,115354,Wohnbevölkerung,A,0,"Amt für Statistik Berlin-Brandenburg, Historisches Gemeindeverzeichnis des Landes Brandenburg 1875 bis 2005, Tabelle 1 (Gebietsstand 31.12.2005)",
12071,Spree-Neiße,1939,1939-05-17,156827,Wohnbevölkerung,A,0,"Amt für Statistik Berlin-Brandenburg, Historisches Gemeindeverzeichnis des Landes Brandenburg 1875 bis 2005, Tabelle 1 (Gebietsstand 31.12.2005)",
12072,Teltow-Fläming,1939,1939-05-17,156063,Wohnbevölkerung,A,0,"Amt für Statistik Berlin-Brandenburg, Historisches Gemeindeverzeichnis des Landes Brandenburg 1875 bis 2005, Tabelle 1 (Gebietsstand 31.12.2005)",
12073,Uckermark,1939,1939-05-17,140502,Wohnbevölkerung,A,0,"Amt für Statistik Berlin-Brandenburg, Historisches Gemeindeverzeichnis des Landes Brandenburg 1875 bis 2005, Tabelle 1 (Gebietsstand 31.12.2005)",
12051,"Brandenburg an der Havel, Stadt",1946,1946-10-29,85180,Wohnbevölkerung,A,0,"Amt für Statistik Berlin-Brandenburg, Historisches Gemeindeverzeichnis des Landes Brandenburg 1875 bis 2005, Tabelle 1 (Gebietsstand 31.12.2005)",
12052,"Cottbus, Stadt",1946,1946-10-29,73010,Wohnbevölkerung,A,0,"Amt für Statistik Berlin-Brandenburg, Historisches Gemeindeverzeichnis des Landes Brandenburg 1875 bis 2005, Tabelle 1 (Gebietsstand 31.12.2005)",
12053,"Frankfurt (Oder), Stadt",1946,1946-10-29,54153,Wohnbevölkerung,A,0,"Amt für Statistik Berlin-Brandenburg, Historisches Gemeindeverzeichnis des Landes Brandenburg 1875 bis 2005, Tabelle 1 (Gebietsstand 31.12.2005)",
12054,"Potsdam, Stadt",1946,1946-10-29,113035,Wohnbevölkerung,A,0,"Amt für Statistik Berlin-Brandenburg, Historisches Gemeindeverzeichnis des Landes Brandenburg 1875 bis 2005, Tabelle 1 (Gebietsstand 31.12.2005)",
12060,Barnim,1946,1946-10-29,154627,Wohnbevölkerung,A,0,"Amt für Statistik Berlin-Brandenburg, Historisches Gemeindeverzeichnis des Landes Brandenburg 1875 bis 2005, Tabelle 1 (Gebietsstand 31.12.2005)",
12061,Dahme-Spreewald,1946,1946-10-29,162990,Wohnbevölkerung,A,0,"Amt für Statistik Berlin-Brandenburg, Historisches Gemeindeverzeichnis des Landes Brandenburg 1875 bis 2005, Tabelle 1 (Gebietsstand 31.12.2005)",
12062,Elbe-Elster,1946,1946-10-29,175945,Wohnbevölkerung,A,0,"Amt für Statistik Berlin-Brandenburg, Historisches Gemeindeverzeichnis des Landes Brandenburg 1875 bis 2005, Tabelle 1 (Gebietsstand 31.12.2005)",
12063,Havelland,1946,1946-10-29,170907,Wohnbevölkerung,A,0,"Amt für Statistik Berlin-Brandenburg, Historisches Gemeindeverzeichnis des Landes Brandenburg 1875 bis 2005, Tabelle 1 (Gebietsstand 31.12.2005)",
12064,Märkisch-Oderland,1946,1946-10-29,176605,Wohnbevölkerung,A,0,"Amt für Statistik Berlin-Brandenburg, Historisches Gemeindeverzeichnis des Landes Brandenburg 1875 bis 2005, Tabelle 1 (Gebietsstand 31.12.2005)",
12065,Oberhavel,1946,1946-10-29,187548,Wohnbevölkerung,A,0,"Amt für Statistik Berlin-Brandenburg, Historisches Gemeindeverzeichnis des Landes Brandenburg 1875 bis 2005, Tabelle 1 (Gebietsstand 31.12.2005)",
12066,Oberspreewald-Lausitz,1946,1946-10-29,164609,Wohnbevölkerung,A,0,"Amt für Statistik Berlin-Brandenburg, Historisches Gemeindeverzeichnis des Landes Brandenburg 1875 bis 2005, Tabelle 1 (Gebietsstand 31.12.2005)",
12067,Oder-Spree,1946,1946-10-29,158490,Wohnbevölkerung,A,0,"Amt für Statistik Berlin-Brandenburg, Historisches Gemeindeverzeichnis des Landes Brandenburg 1875 bis 2005, Tabelle 1 (Gebietsstand 31.12.2005)",
12068,Ostprignitz-Ruppin,1946,1946-10-29,157875,Wohnbevölkerung,A,0,"Amt für Statistik Berlin-Brandenburg, Historisches Gemeindeverzeichnis des Landes Brandenburg 1875 bis 2005, Tabelle 1 (Gebietsstand 31.12.2005)",
12069,Potsdam-Mittelmark,1946,1946-10-29,205184,Wohnbevölkerung,A,0,"Amt für Statistik Berlin-Brandenburg, Historisches Gemeindeverzeichnis des Landes Brandenburg 1875 bis 2005, Tabelle 1 (Gebietsstand 31.12.2005)",
12070,Prignitz,1946,1946-10-29,156782,Wohnbevölkerung,A,0,"Amt für Statistik Berlin-Brandenburg, Historisches Gemeindeverzeichnis des Landes Brandenburg 1875 bis 2005, Tabelle 1 (Gebietsstand 31.12.2005)",
12071,Spree-Neiße,1946,1946-10-29,174693,Wohnbevölkerung,A,0,"Amt für Statistik Berlin-Brandenburg, Historisches Gemeindeverzeichnis des Landes Brandenburg 1875 bis 2005, Tabelle 1 (Gebietsstand 31.12.2005)",
12072,Teltow-Fläming,1946,1946-10-29,174751,Wohnbevölkerung,A,0,"Amt für Statistik Berlin-Brandenburg, Historisches Gemeindeverzeichnis des Landes Brandenburg 1875 bis 2005, Tabelle 1 (Gebietsstand 31.12.2005)",
12073,Uckermark,1946,1946-10-29,166690,Wohnbevölkerung,A,0,"Amt für Statistik Berlin-Brandenburg, Historisches Gemeindeverzeichnis des Landes Brandenburg 1875 bis 2005, Tabelle 1 (Gebietsstand 31.12.2005)",
12051,"Brandenburg an der Havel, Stadt",1950,1950-08-31,83434,Wohnbevölkerung,A,0,"Amt für Statistik Berlin-Brandenburg, Historisches Gemeindeverzeichnis des Landes Brandenburg 1875 bis 2005, Tabelle 1 (Gebietsstand 31.12.2005)",
12052,"Cottbus, Stadt",1950,1950-08-31,73695,Wohnbevölkerung,A,0,"Amt für Statistik Berlin-Brandenburg, Historisches Gemeindeverzeichnis des Landes Brandenburg 1875 bis 2005, Tabelle 1 (Gebietsstand 31.12.2005)",
12053,"Frankfurt (Oder), Stadt",1950,1950-08-31,55514,Wohnbevölkerung,A,0,"Amt für Statistik Berlin-Brandenburg, Historisches Gemeindeverzeichnis des Landes Brandenburg 1875 bis 2005, Tabelle 1 (Gebietsstand 31.12.2005)",
12054,"Potsdam, Stadt",1950,1950-08-31,114663,Wohnbevölkerung,A,0,"Amt für Statistik Berlin-Brandenburg, Historisches Gemeindeverzeichnis des Landes Brandenburg 1875 bis 2005, Tabelle 1 (Gebietsstand 31.12.2005)",
12060,Barnim,1950,1950-08-31,159481,Wohnbevölkerung,A,0,"Amt für Statistik Berlin-Brandenburg, Historisches Gemeindeverzeichnis des Landes Brandenburg 1875 bis 2005, Tabelle 1 (Gebietsstand 31.12.2005)",
12061,Dahme-Spreewald,1950,1950-08-31,161884,Wohnbevölkerung,A,0,"Amt für Statistik Berlin-Brandenburg, Historisches Gemeindeverzeichnis des Landes Brandenburg 1875 bis 2005, Tabelle 1 (Gebietsstand 31.12.2005)",
12062,Elbe-Elster,1950,1950-08-31,174612,Wohnbevölkerung,A,0,"Amt für Statistik Berlin-Brandenburg, Historisches Gemeindeverzeichnis des Landes Brandenburg 1875 bis 2005, Tabelle 1 (Gebietsstand 31.12.2005)",
12063,Havelland,1950,1950-08-31,169878,Wohnbevölkerung,A,0,"Amt für Statistik Berlin-Brandenburg, Historisches Gemeindeverzeichnis des Landes Brandenburg 1875 bis 2005, Tabelle 1 (Gebietsstand 31.12.2005)",
12064,Märkisch-Oderland,1950,1950-08-31,192609,Wohnbevölkerung,A,0,"Amt für Statistik Berlin-Brandenburg, Historisches Gemeindeverzeichnis des Landes Brandenburg 1875 bis 2005, Tabelle 1 (Gebietsstand 31.12.2005)",
12065,Oberhavel,1950,1950-08-31,192989,Wohnbevölkerung,A,0,"Amt für Statistik Berlin-Brandenburg, Historisches Gemeindeverzeichnis des Landes Brandenburg 1875 bis 2005, Tabelle 1 (Gebietsstand 31.12.2005)",
12066,Oberspreewald-Lausitz,1950,1950-08-31,165790,Wohnbevölkerung,A,0,"Amt für Statistik Berlin-Brandenburg, Historisches Gemeindeverzeichnis des Landes Brandenburg 1875 bis 2005, Tabelle 1 (Gebietsstand 31.12.2005)",
12067,Oder-Spree,1950,1950-08-31,166492,Wohnbevölkerung,A,0,"Amt für Statistik Berlin-Brandenburg, Historisches Gemeindeverzeichnis des Landes Brandenburg 1875 bis 2005, Tabelle 1 (Gebietsstand 31.12.2005)",
12068,Ostprignitz-Ruppin,1950,1950-08-31,153496,Wohnbevölkerung,A,0,"Amt für Statistik Berlin-Brandenburg, Historisches Gemeindeverzeichnis des Landes Brandenburg 1875 bis 2005, Tabelle 1 (Gebietsstand 31.12.2005)",
12069,Potsdam-Mittelmark,1950,1950-08-31,204933,Wohnbevölkerung,A,0,"Amt für Statistik Berlin-Brandenburg, Historisches Gemeindeverzeichnis des Landes Brandenburg 1875 bis 2005, Tabelle 1 (Gebietsstand 31.12.2005)",
12070,Prignitz,1950,1950-08-31,153728,Wohnbevölkerung,A,0,"Amt für Statistik Berlin-Brandenburg, Historisches Gemeindeverzeichnis des Landes Brandenburg 1875 bis 2005, Tabelle 1 (Gebietsstand 31.12.2005)",
12071,Spree-Neiße,1950,1950-08-31,174606,Wohnbevölkerung,A,0,"Amt für Statistik Berlin-Brandenburg, Historisches Gemeindeverzeichnis des Landes Brandenburg 1875 bis 2005, Tabelle 1 (Gebietsstand 31.12.2005)",
12072,Teltow-Fläming,1950,1950-08-31,173975,Wohnbevölkerung,A,0,"Amt für Statistik Berlin-Brandenburg, Historisches Gemeindeverzeichnis des Landes Brandenburg 1875 bis 2005, Tabelle 1 (Gebietsstand 31.12.2005)",
12073,Uckermark,1950,1950-08-31,174223,Wohnbevölkerung,A,0,"Amt für Statistik Berlin-Brandenburg, Historisches Gemeindeverzeichnis des Landes Brandenburg 1875 bis 2005, Tabelle 1 (Gebietsstand 31.12.2005)",
12051,"Brandenburg an der Havel, Stadt",1964,1964-12-31,92741,Wohnbevölkerung,A,0,"Amt für Statistik Berlin-Brandenburg, Historisches Gemeindeverzeichnis des Landes Brandenburg 1875 bis 2005, Tabelle 1 (Gebietsstand 31.12.2005)",
12052,"Cottbus, Stadt",1964,1964-12-31,84952,Wohnbevölkerung,A,0,"Amt für Statistik Berlin-Brandenburg, Historisches Gemeindeverzeichnis des Landes Brandenburg 1875 bis 2005, Tabelle 1 (Gebietsstand 31.12.2005)",
12053,"Frankfurt (Oder), Stadt",1964,1964-12-31,60163,Wohnbevölkerung,A,0,"Amt für Statistik Berlin-Brandenburg, Historisches Gemeindeverzeichnis des Landes Brandenburg 1875 bis 2005, Tabelle 1 (Gebietsstand 31.12.2005)",
12054,"Potsdam, Stadt",1964,1964-12-31,117711,Wohnbevölkerung,A,0,"Amt für Statistik Berlin-Brandenburg, Historisches Gemeindeverzeichnis des Landes Brandenburg 1875 bis 2005, Tabelle 1 (Gebietsstand 31.12.2005)",
12060,Barnim,1964,1964-12-31,153249,Wohnbevölkerung,A,0,"Amt für Statistik Berlin-Brandenburg, Historisches Gemeindeverzeichnis des Landes Brandenburg 1875 bis 2005, Tabelle 1 (Gebietsstand 31.12.2005)",
12061,Dahme-Spreewald,1964,1964-12-31,151847,Wohnbevölkerung,A,0,"Amt für Statistik Berlin-Brandenburg, Historisches Gemeindeverzeichnis des Landes Brandenburg 1875 bis 2005, Tabelle 1 (Gebietsstand 31.12.2005)",
12062,Elbe-Elster,1964,1964-12-31,156012,Wohnbevölkerung,A,0,"Amt für Statistik Berlin-Brandenburg, Historisches Gemeindeverzeichnis des Landes Brandenburg 1875 bis 2005, Tabelle 1 (Gebietsstand 31.12.2005)",
12063,Havelland,1964,1964-12-31,148834,Wohnbevölkerung,A,0,"Amt für Statistik Berlin-Brandenburg, Historisches Gemeindeverzeichnis des Landes Brandenburg 1875 bis 2005, Tabelle 1 (Gebietsstand 31.12.2005)",
12064,Märkisch-Oderland,1964,1964-12-31,184838,Wohnbevölkerung,A,0,"Amt für Statistik Berlin-Brandenburg, Historisches Gemeindeverzeichnis des Landes Brandenburg 1875 bis 2005, Tabelle 1 (Gebietsstand 31.12.2005)",
12065,Oberhavel,1964,1964-12-31,179515,Wohnbevölkerung,A,0,"Amt für Statistik Berlin-Brandenburg, Historisches Gemeindeverzeichnis des Landes Brandenburg 1875 bis 2005, Tabelle 1 (Gebietsstand 31.12.2005)",
12066,Oberspreewald-Lausitz,1964,1964-12-31,181923,Wohnbevölkerung,A,0,"Amt für Statistik Berlin-Brandenburg, Historisches Gemeindeverzeichnis des Landes Brandenburg 1875 bis 2005, Tabelle 1 (Gebietsstand 31.12.2005)",
12067,Oder-Spree,1964,1964-12-31,183110,Wohnbevölkerung,A,0,"Amt für Statistik Berlin-Brandenburg, Historisches Gemeindeverzeichnis des Landes Brandenburg 1875 bis 2005, Tabelle 1 (Gebietsstand 31.12.2005)",
12068,Ostprignitz-Ruppin,1964,1964-12-31,124190,Wohnbevölkerung,A,0,"Amt für Statistik Berlin-Brandenburg, Historisches Gemeindeverzeichnis des Landes Brandenburg 1875 bis 2005, Tabelle 1 (Gebietsstand 31.12.2005)",
12069,Potsdam-Mittelmark,1964,1964-12-31,180055,Wohnbevölkerung,A,0,"Amt für Statistik Berlin-Brandenburg, Historisches Gemeindeverzeichnis des Landes Brandenburg 1875 bis 2005, Tabelle 1 (Gebietsstand 31.12.2005)",
12070,Prignitz,1964,1964-12-31,129143,Wohnbevölkerung,A,0,"Amt für Statistik Berlin-Brandenburg, Historisches Gemeindeverzeichnis des Landes Brandenburg 1875 bis 2005, Tabelle 1 (Gebietsstand 31.12.2005)",
12071,Spree-Neiße,1964,1964-12-31,172833,Wohnbevölkerung,A,0,"Amt für Statistik Berlin-Brandenburg, Historisches Gemeindeverzeichnis des Landes Brandenburg 1875 bis 2005, Tabelle 1 (Gebietsstand 31.12.2005)",
12072,Teltow-Fläming,1964,1964-12-31,158225,Wohnbevölkerung,A,0,"Amt für Statistik Berlin-Brandenburg, Historisches Gemeindeverzeichnis des Landes Brandenburg 1875 bis 2005, Tabelle 1 (Gebietsstand 31.12.2005)",
12073,Uckermark,1964,1964-12-31,160730,Wohnbevölkerung,A,0,"Amt für Statistik Berlin-Brandenburg, Historisches Gemeindeverzeichnis des Landes Brandenburg 1875 bis 2005, Tabelle 1 (Gebietsstand 31.12.2005)",
12051,"Brandenburg an der Havel, Stadt",1971,1971-01-01,96929,Wohnbevölkerung,A,0,"Amt für Statistik Berlin-Brandenburg, Historisches Gemeindeverzeichnis des Landes Brandenburg 1875 bis 2005, Tabelle 1 (Gebietsstand 31.12.2005)",
12052,"Cottbus, Stadt",1971,1971-01-01,94606,Wohnbevölkerung,A,0,"Amt für Statistik Berlin-Brandenburg, Historisches Gemeindeverzeichnis des Landes Brandenburg 1875 bis 2005, Tabelle 1 (Gebietsstand 31.12.2005)",
12053,"Frankfurt (Oder), Stadt",1971,1971-01-01,64484,Wohnbevölkerung,A,0,"Amt für Statistik Berlin-Brandenburg, Historisches Gemeindeverzeichnis des Landes Brandenburg 1875 bis 2005, Tabelle 1 (Gebietsstand 31.12.2005)",
12054,"Potsdam, Stadt",1971,1971-01-01,118923,Wohnbevölkerung,A,0,"Amt für Statistik Berlin-Brandenburg, Historisches Gemeindeverzeichnis des Landes Brandenburg 1875 bis 2005, Tabelle 1 (Gebietsstand 31.12.2005)",
12060,Barnim,1971,1971-01-01,155650,Wohnbevölkerung,A,0,"Amt für Statistik Berlin-Brandenburg, Historisches Gemeindeverzeichnis des Landes Brandenburg 1875 bis 2005, Tabelle 1 (Gebietsstand 31.12.2005)",
12061,Dahme-Spreewald,1971,1971-01-01,151350,Wohnbevölkerung,A,0,"Amt für Statistik Berlin-Brandenburg, Historisches Gemeindeverzeichnis des Landes Brandenburg 1875 bis 2005, Tabelle 1 (Gebietsstand 31.12.2005)",
12062,Elbe-Elster,1971,1971-01-01,156734,Wohnbevölkerung,A,0,"Amt für Statistik Berlin-Brandenburg, Historisches Gemeindeverzeichnis des Landes Brandenburg 1875 bis 2005, Tabelle 1 (Gebietsstand 31.12.2005)",
12063,Havelland,1971,1971-01-01,150101,Wohnbevölkerung,A,0,"Amt für Statistik Berlin-Brandenburg, Historisches Gemeindeverzeichnis des Landes Brandenburg 1875 bis 2005, Tabelle 1 (Gebietsstand 31.12.2005)",
12064,Märkisch-Oderland,1971,1971-01-01,186206,Wohnbevölkerung,A,0,"Amt für Statistik Berlin-Brandenburg, Historisches Gemeindeverzeichnis des Landes Brandenburg 1875 bis 2005, Tabelle 1 (Gebietsstand 31.12.2005)",
12065,Oberhavel,1971,1971-01-01,180152,Wohnbevölkerung,A,0,"Amt für Statistik Berlin-Brandenburg, Historisches Gemeindeverzeichnis des Landes Brandenburg 1875 bis 2005, Tabelle 1 (Gebietsstand 31.12.2005)",
12066,Oberspreewald-Lausitz,1971,1971-01-01,185312,Wohnbevölkerung,A,0,"Amt für Statistik Berlin-Brandenburg, Historisches Gemeindeverzeichnis des Landes Brandenburg 1875 bis 2005, Tabelle 1 (Gebietsstand 31.12.2005)",
12067,Oder-Spree,1971,1971-01-01,191619,Wohnbevölkerung,A,0,"Amt für Statistik Berlin-Brandenburg, Historisches Gemeindeverzeichnis des Landes Brandenburg 1875 bis 2005, Tabelle 1 (Gebietsstand 31.12.2005)",
12068,Ostprignitz-Ruppin,1971,1971-01-01,123486,Wohnbevölkerung,A,0,"Amt für Statistik Berlin-Brandenburg, Historisches Gemeindeverzeichnis des Landes Brandenburg 1875 bis 2005, Tabelle 1 (Gebietsstand 31.12.2005)",
12069,Potsdam-Mittelmark,1971,1971-01-01,179936,Wohnbevölkerung,A,0,"Amt für Statistik Berlin-Brandenburg, Historisches Gemeindeverzeichnis des Landes Brandenburg 1875 bis 2005, Tabelle 1 (Gebietsstand 31.12.2005)",
12070,Prignitz,1971,1971-01-01,128537,Wohnbevölkerung,A,0,"Amt für Statistik Berlin-Brandenburg, Historisches Gemeindeverzeichnis des Landes Brandenburg 1875 bis 2005, Tabelle 1 (Gebietsstand 31.12.2005)",
12071,Spree-Neiße,1971,1971-01-01,169325,Wohnbevölkerung,A,0,"Amt für Statistik Berlin-Brandenburg, Historisches Gemeindeverzeichnis des Landes Brandenburg 1875 bis 2005, Tabelle 1 (Gebietsstand 31.12.2005)",
12072,Teltow-Fläming,1971,1971-01-01,160970,Wohnbevölkerung,A,0,"Amt für Statistik Berlin-Brandenburg, Historisches Gemeindeverzeichnis des Landes Brandenburg 1875 bis 2005, Tabelle 1 (Gebietsstand 31.12.2005)",
12073,Uckermark,1971,1971-01-01,172776,Wohnbevölkerung,A,0,"Amt für Statistik Berlin-Brandenburg, Historisches Gemeindeverzeichnis des Landes Brandenburg 1875 bis 2005, Tabelle 1 (Gebietsstand 31.12.2005)",
12051,"Brandenburg an der Havel, Stadt",1981,1981-12-31,97510,Wohnbevölkerung,A,0,"Amt für Statistik Berlin-Brandenburg, Historisches Gemeindeverzeichnis des Landes Brandenburg 1875 bis 2005, Tabelle 1 (Gebietsstand 31.12.2005)",
12052,"Cottbus, Stadt",1981,1981-12-31,125326,Wohnbevölkerung,A,0,"Amt für Statistik Berlin-Brandenburg, Historisches Gemeindeverzeichnis des Landes Brandenburg 1875 bis 2005, Tabelle 1 (Gebietsstand 31.12.2005)",
12053,"Frankfurt (Oder), Stadt",1981,1981-12-31,81009,Wohnbevölkerung,A,0,"Amt für Statistik Berlin-Brandenburg, Historisches Gemeindeverzeichnis des Landes Brandenburg 1875 bis 2005, Tabelle 1 (Gebietsstand 31.12.2005)",
12054,"Potsdam, Stadt",1981,1981-12-31,139746,Wohnbevölkerung,A,0,"Amt für Statistik Berlin-Brandenburg, Historisches Gemeindeverzeichnis des Landes Brandenburg 1875 bis 2005, Tabelle 1 (Gebietsstand 31.12.2005)",
12060,Barnim,1981,1981-12-31,156734,Wohnbevölkerung,A,0,"Amt für Statistik Berlin-Brandenburg, Historisches Gemeindeverzeichnis des Landes Brandenburg 1875 bis 2005, Tabelle 1 (Gebietsstand 31.12.2005)",
12061,Dahme-Spreewald,1981,1981-12-31,148279,Wohnbevölkerung,A,0,"Amt für Statistik Berlin-Brandenburg, Historisches Gemeindeverzeichnis des Landes Brandenburg 1875 bis 2005, Tabelle 1 (Gebietsstand 31.12.2005)",
12062,Elbe-Elster,1981,1981-12-31,149216,Wohnbevölkerung,A,0,"Amt für Statistik Berlin-Brandenburg, Historisches Gemeindeverzeichnis des Landes Brandenburg 1875 bis 2005, Tabelle 1 (Gebietsstand 31.12.2005)",
12063,Havelland,1981,1981-12-31,141667,Wohnbevölkerung,A,0,"Amt für Statistik Berlin-Brandenburg, Historisches Gemeindeverzeichnis des Landes Brandenburg 1875 bis 2005, Tabelle 1 (Gebietsstand 31.12.2005)",
12064,Märkisch-Oderland,1981,1981-12-31,178519,Wohnbevölkerung,A,0,"Amt für Statistik Berlin-Brandenburg, Historisches Gemeindeverzeichnis des Landes Brandenburg 1875 bis 2005, Tabelle 1 (Gebietsstand 31.12.2005)",
12065,Oberhavel,1981,1981-12-31,175027,Wohnbevölkerung,A,0,"Amt für Statistik Berlin-Brandenburg, Historisches Gemeindeverzeichnis des Landes Brandenburg 1875 bis 2005, Tabelle 1 (Gebietsstand 31.12.2005)",
12066,Oberspreewald-Lausitz,1981,1981-12-31,175957,Wohnbevölkerung,A,0,"Amt für Statistik Berlin-Brandenburg, Historisches Gemeindeverzeichnis des Landes Brandenburg 1875 bis 2005, Tabelle 1 (Gebietsstand 31.12.2005)",
12067,Oder-Spree,1981,1981-12-31,195164,Wohnbevölkerung,A,0,"Amt für Statistik Berlin-Brandenburg, Historisches Gemeindeverzeichnis des Landes Brandenburg 1875 bis 2005, Tabelle 1 (Gebietsstand 31.12.2005)",
12068,Ostprignitz-Ruppin,1981,1981-12-31,119269,Wohnbevölkerung,A,0,"Amt für Statistik Berlin-Brandenburg, Historisches Gemeindeverzeichnis des Landes Brandenburg 1875 bis 2005, Tabelle 1 (Gebietsstand 31.12.2005)",
12069,Potsdam-Mittelmark,1981,1981-12-31,169676,Wohnbevölkerung,A,0,"Amt für Statistik Berlin-Brandenburg, Historisches Gemeindeverzeichnis des Landes Brandenburg 1875 bis 2005, Tabelle 1 (Gebietsstand 31.12.2005)",
12070,Prignitz,1981,1981-12-31,117182,Wohnbevölkerung,A,0,"Amt für Statistik Berlin-Brandenburg, Historisches Gemeindeverzeichnis des Landes Brandenburg 1875 bis 2005, Tabelle 1 (Gebietsstand 31.12.2005)",
12071,Spree-Neiße,1981,1981-12-31,165870,Wohnbevölkerung,A,0,"Amt für Statistik Berlin-Brandenburg, Historisches Gemeindeverzeichnis des Landes Brandenburg 1875 bis 2005, Tabelle 1 (Gebietsstand 31.12.2005)",
12072,Teltow-Fläming,1981,1981-12-31,154974,Wohnbevölkerung,A,0,"Amt für Statistik Berlin-Brandenburg, Historisches Gemeindeverzeichnis des Landes Brandenburg 1875 bis 2005, Tabelle 1 (Gebietsstand 31.12.2005)",
12073,Uckermark,1981,1981-12-31,175927,Wohnbevölkerung,A,0,"Amt für Statistik Berlin-Brandenburg, Historisches Gemeindeverzeichnis des Landes Brandenburg 1875 bis 2005, Tabelle 1 (Gebietsstand 31.12.2005)",
11000,"Berlin, Stadt",1995,1995-12-31,3471418,Fortschreibung (Bevölkerung am Ort der Hauptwohnung),A,0,"Amt für Statistik Berlin-Brandenburg, Bevölkerungsstand — lange Reihe 1990/91 bis 2025 (Gebietsstand 31.12.2025)",
12051,"Brandenburg an der Havel, Stadt",1995,1995-12-31,86753,Fortschreibung (Bevölkerung am Ort der Hauptwohnung),A,0,"Amt für Statistik Berlin-Brandenburg, Bevölkerungsstand — lange Reihe 1990/91 bis 2025 (Gebietsstand 31.12.2025)",
12052,"Cottbus, Stadt",1995,1995-12-31,126343,Fortschreibung (Bevölkerung am Ort der Hauptwohnung),A,0,"Amt für Statistik Berlin-Brandenburg, Bevölkerungsstand — lange Reihe 1990/91 bis 2025 (Gebietsstand 31.12.2025)",
12053,"Frankfurt (Oder), Stadt",1995,1995-12-31,80807,Fortschreibung (Bevölkerung am Ort der Hauptwohnung),A,0,"Amt für Statistik Berlin-Brandenburg, Bevölkerungsstand — lange Reihe 1990/91 bis 2025 (Gebietsstand 31.12.2025)",
12054,"Potsdam, Stadt",1995,1995-12-31,144118,Fortschreibung (Bevölkerung am Ort der Hauptwohnung),A,0,"Amt für Statistik Berlin-Brandenburg, Bevölkerungsstand — lange Reihe 1990/91 bis 2025 (Gebietsstand 31.12.2025)",
12060,Barnim,1995,1995-12-31,150926,Fortschreibung (Bevölkerung am Ort der Hauptwohnung),A,0,"Amt für Statistik Berlin-Brandenburg, Bevölkerungsstand — lange Reihe 1990/91 bis 2025 (Gebietsstand 31.12.2025)",
12061,Dahme-Spreewald,1995,1995-12-31,144990,Fortschreibung (Bevölkerung am Ort der Hauptwohnung),A,0,"Amt für Statistik Berlin-Brandenburg, Bevölkerungsstand — lange Reihe 1990/91 bis 2025 (Gebietsstand 31.12.2025)",
12062,Elbe-Elster,1995,1995-12-31,136889,Fortschreibung (Bevölkerung am Ort der Hauptwohnung),A,0,"Amt für Statistik Berlin-Brandenburg, Bevölkerungsstand — lange Reihe 1990/91 bis 2025 (Gebietsstand 31.12.2025)",
12063,Havelland,1995,1995-12-31,131821,Fortschreibung (Bevölkerung am Ort der Hauptwohnung),A,0,"Amt für Statistik Berlin-Brandenburg, Bevölkerungsstand — lange Reihe 1990/91 bis 2025 (Gebietsstand 31.12.2025)",
12064,Märkisch-Oderland,1995,1995-12-31,173434,Fortschreibung (Bevölkerung am Ort der Hauptwohnung),A,0,"Amt für Statistik Berlin-Brandenburg, Bevölkerungsstand — lange Reihe 1990/91 bis 2025 (Gebietsstand 31.12.2025)",
12065,Oberhavel,1995,1995-12-31,170505,Fortschreibung (Bevölkerung am Ort der Hauptwohnung),A,0,"Amt für Statistik Berlin-Brandenburg, Bevölkerungsstand — lange Reihe 1990/91 bis 2025 (Gebietsstand 31.12.2025)",
12066,Oberspreewald-Lausitz,1995,1995-12-31,156758,Fortschreibung (Bevölkerung am Ort der Hauptwohnung),A,0,"Amt für Statistik Berlin-Brandenburg, Bevölkerungsstand — lange Reihe 1990/91 bis 2025 (Gebietsstand 31.12.2025)",
12067,Oder-Spree,1995,1995-12-31,190839,Fortschreibung (Bevölkerung am Ort der Hauptwohnung),A,0,"Amt für Statistik Berlin-Brandenburg, Bevölkerungsstand — lange Reihe 1990/91 bis 2025 (Gebietsstand 31.12.2025)",
12068,Ostprignitz-Ruppin,1995,1995-12-31,116005,Fortschreibung (Bevölkerung am Ort der Hauptwohnung),A,0,"Amt für Statistik Berlin-Brandenburg, Bevölkerungsstand — lange Reihe 1990/91 bis 2025 (Gebietsstand 31.12.2025)",
12069,Potsdam-Mittelmark,1995,1995-12-31,171626,Fortschreibung (Bevölkerung am Ort der Hauptwohnung),A,0,"Amt für Statistik Berlin-Brandenburg, Bevölkerungsstand — lange Reihe 1990/91 bis 2025 (Gebietsstand 31.12.2025)",
12070,Prignitz,1995,1995-12-31,101421,Fortschreibung (Bevölkerung am Ort der Hauptwohnung),A,0,"Amt für Statistik Berlin-Brandenburg, Bevölkerungsstand — lange Reihe 1990/91 bis 2025 (Gebietsstand 31.12.2025)",
12071,Spree-Neiße,1995,1995-12-31,150364,Fortschreibung (Bevölkerung am Ort der Hauptwohnung),A,0,"Amt für Statistik Berlin-Brandenburg, Bevölkerungsstand — lange Reihe 1990/91 bis 2025 (Gebietsstand 31.12.2025)",
12072,Teltow-Fläming,1995,1995-12-31,148133,Fortschreibung (Bevölkerung am Ort der Hauptwohnung),A,0,"Amt für Statistik Berlin-Brandenburg, Bevölkerungsstand — lange Reihe 1990/91 bis 2025 (Gebietsstand 31.12.2025)",
12073,Uckermark,1995,1995-12-31,160310,Fortschreibung (Bevölkerung am Ort der Hauptwohnung),A,0,"Amt für Statistik Berlin-Brandenburg, Bevölkerungsstand — lange Reihe 1990/91 bis 2025 (Gebietsstand 31.12.2025)",
11000,"Berlin, Stadt",2000,2000-12-31,3382169,Fortschreibung (Bevölkerung am Ort der Hauptwohnung),A,0,"Amt für Statistik Berlin-Brandenburg, Bevölkerungsstand — lange Reihe 1990/91 bis 2025 (Gebietsstand 31.12.2025)",
12051,"Brandenburg an der Havel, Stadt",2000,2000-12-31,78404,Fortschreibung (Bevölkerung am Ort der Hauptwohnung),A,0,"Amt für Statistik Berlin-Brandenburg, Bevölkerungsstand — lange Reihe 1990/91 bis 2025 (Gebietsstand 31.12.2025)",
12052,"Cottbus, Stadt",2000,2000-12-31,113618,Fortschreibung (Bevölkerung am Ort der Hauptwohnung),A,0,"Amt für Statistik Berlin-Brandenburg, Bevölkerungsstand — lange Reihe 1990/91 bis 2025 (Gebietsstand 31.12.2025)",
12053,"Frankfurt (Oder), Stadt",2000,2000-12-31,72131,Fortschreibung (Bevölkerung am Ort der Hauptwohnung),A,0,"Amt für Statistik Berlin-Brandenburg, Bevölkerungsstand — lange Reihe 1990/91 bis 2025 (Gebietsstand 31.12.2025)",
12054,"Potsdam, Stadt",2000,2000-12-31,140668,Fortschreibung (Bevölkerung am Ort der Hauptwohnung),A,0,"Amt für Statistik Berlin-Brandenburg, Bevölkerungsstand — lange Reihe 1990/91 bis 2025 (Gebietsstand 31.12.2025)",
12060,Barnim,2000,2000-12-31,169429,Fortschreibung (Bevölkerung am Ort der Hauptwohnung),A,0,"Amt für Statistik Berlin-Brandenburg, Bevölkerungsstand — lange Reihe 1990/91 bis 2025 (Gebietsstand 31.12.2025)",
12061,Dahme-Spreewald,2000,2000-12-31,158994,Fortschreibung (Bevölkerung am Ort der Hauptwohnung),A,0,"Amt für Statistik Berlin-Brandenburg, Bevölkerungsstand — lange Reihe 1990/91 bis 2025 (Gebietsstand 31.12.2025)",
12062,Elbe-Elster,2000,2000-12-31,131161,Fortschreibung (Bevölkerung am Ort der Hauptwohnung),A,0,"Amt für Statistik Berlin-Brandenburg, Bevölkerungsstand — lange Reihe 1990/91 bis 2025 (Gebietsstand 31.12.2025)",
12063,Havelland,2000,2000-12-31,149285,Fortschreibung (Bevölkerung am Ort der Hauptwohnung),A,0,"Amt für Statistik Berlin-Brandenburg, Bevölkerungsstand — lange Reihe 1990/91 bis 2025 (Gebietsstand 31.12.2025)",
12064,Märkisch-Oderland,2000,2000-12-31,189136,Fortschreibung (Bevölkerung am Ort der Hauptwohnung),A,0,"Amt für Statistik Berlin-Brandenburg, Bevölkerungsstand — lange Reihe 1990/91 bis 2025 (Gebietsstand 31.12.2025)",
12065,Oberhavel,2000,2000-12-31,192123,Fortschreibung (Bevölkerung am Ort der Hauptwohnung),A,0,"Amt für Statistik Berlin-Brandenburg, Bevölkerungsstand — lange Reihe 1990/91 bis 2025 (Gebietsstand 31.12.2025)",
12066,Oberspreewald-Lausitz,2000,2000-12-31,145110,Fortschreibung (Bevölkerung am Ort der Hauptwohnung),A,0,"Amt für Statistik Berlin-Brandenburg, Bevölkerungsstand — lange Reihe 1990/91 bis 2025 (Gebietsstand 31.12.2025)",
12067,Oder-Spree,2000,2000-12-31,196453,Fortschreibung (Bevölkerung am Ort der Hauptwohnung),A,0,"Amt für Statistik Berlin-Brandenburg, Bevölkerungsstand — lange Reihe 1990/91 bis 2025 (Gebietsstand 31.12.2025)",
12068,Ostprignitz-Ruppin,2000,2000-12-31,112930,Fortschreibung (Bevölkerung am Ort der Hauptwohnung),A,0,"Amt für Statistik Berlin-Brandenburg, Bevölkerungsstand — lange Reihe 1990/91 bis 2025 (Gebietsstand 31.12.2025)",
12069,Potsdam-Mittelmark,2000,2000-12-31,196644,Fortschreibung (Bevölkerung am Ort der Hauptwohnung),A,0,"Amt für Statistik Berlin-Brandenburg, Bevölkerungsstand — lange Reihe 1990/91 bis 2025 (Gebietsstand 31.12.2025)",
12070,Prignitz,2000,2000-12-31,95701,Fortschreibung (Bevölkerung am Ort der Hauptwohnung),A,0,"Amt für Statistik Berlin-Brandenburg, Bevölkerungsstand — lange Reihe 1990/91 bis 2025 (Gebietsstand 31.12.2025)",
12071,Spree-Neiße,2000,2000-12-31,148700,Fortschreibung (Bevölkerung am Ort der Hauptwohnung),A,0,"Amt für Statistik Berlin-Brandenburg, Bevölkerungsstand — lange Reihe 1990/91 bis 2025 (Gebietsstand 31.12.2025)",
12072,Teltow-Fläming,2000,2000-12-31,159735,Fortschreibung (Bevölkerung am Ort der Hauptwohnung),A,0,"Amt für Statistik Berlin-Brandenburg, Bevölkerungsstand — lange Reihe 1990/91 bis 2025 (Gebietsstand 31.12.2025)",
12073,Uckermark,2000,2000-12-31,151740,Fortschreibung (Bevölkerung am Ort der Hauptwohnung),A,0,"Amt für Statistik Berlin-Brandenburg, Bevölkerungsstand — lange Reihe 1990/91 bis 2025 (Gebietsstand 31.12.2025)",
11000,"Berlin, Stadt",2011,2011-12-31,3326002,Fortschreibung (Bevölkerung am Ort der Hauptwohnung),A,0,"Amt für Statistik Berlin-Brandenburg, Bevölkerungsstand — lange Reihe 1990/91 bis 2025 (Gebietsstand 31.12.2025)",Basis Zensus 2011
12051,"Brandenburg an der Havel, Stadt",2011,2011-12-31,71381,Fortschreibung (Bevölkerung am Ort der Hauptwohnung),A,0,"Amt für Statistik Berlin-Brandenburg, Bevölkerungsstand — lange Reihe 1990/91 bis 2025 (Gebietsstand 31.12.2025)",Basis Zensus 2011
12052,"Cottbus, Stadt",2011,2011-12-31,99974,Fortschreibung (Bevölkerung am Ort der Hauptwohnung),A,0,"Amt für Statistik Berlin-Brandenburg, Bevölkerungsstand — lange Reihe 1990/91 bis 2025 (Gebietsstand 31.12.2025)",Basis Zensus 2011
12053,"Frankfurt (Oder), Stadt",2011,2011-12-31,59063,Fortschreibung (Bevölkerung am Ort der Hauptwohnung),A,0,"Amt für Statistik Berlin-Brandenburg, Bevölkerungsstand — lange Reihe 1990/91 bis 2025 (Gebietsstand 31.12.2025)",Basis Zensus 2011
12054,"Potsdam, Stadt",2011,2011-12-31,157603,Fortschreibung (Bevölkerung am Ort der Hauptwohnung),A,0,"Amt für Statistik Berlin-Brandenburg, Bevölkerungsstand — lange Reihe 1990/91 bis 2025 (Gebietsstand 31.12.2025)",Basis Zensus 2011
12060,Barnim,2011,2011-12-31,172572,Fortschreibung (Bevölkerung am Ort der Hauptwohnung),A,0,"Amt für Statistik Berlin-Brandenburg, Bevölkerungsstand — lange Reihe 1990/91 bis 2025 (Gebietsstand 31.12.2025)",Basis Zensus 2011
12061,Dahme-Spreewald,2011,2011-12-31,160108,Fortschreibung (Bevölkerung am Ort der Hauptwohnung),A,0,"Amt für Statistik Berlin-Brandenburg, Bevölkerungsstand — lange Reihe 1990/91 bis 2025 (Gebietsstand 31.12.2025)",Basis Zensus 2011
12062,Elbe-Elster,2011,2011-12-31,109087,Fortschreibung (Bevölkerung am Ort der Hauptwohnung),A,0,"Amt für Statistik Berlin-Brandenburg, Bevölkerungsstand — lange Reihe 1990/91 bis 2025 (Gebietsstand 31.12.2025)",Basis Zensus 2011
12063,Havelland,2011,2011-12-31,152915,Fortschreibung (Bevölkerung am Ort der Hauptwohnung),A,0,"Amt für Statistik Berlin-Brandenburg, Bevölkerungsstand — lange Reihe 1990/91 bis 2025 (Gebietsstand 31.12.2025)",Basis Zensus 2011
12064,Märkisch-Oderland,2011,2011-12-31,187085,Fortschreibung (Bevölkerung am Ort der Hauptwohnung),A,0,"Amt für Statistik Berlin-Brandenburg, Bevölkerungsstand — lange Reihe 1990/91 bis 2025 (Gebietsstand 31.12.2025)",Basis Zensus 2011
12065,Oberhavel,2011,2011-12-31,201199,Fortschreibung (Bevölkerung am Ort der Hauptwohnung),A,0,"Amt für Statistik Berlin-Brandenburg, Bevölkerungsstand — lange Reihe 1990/91 bis 2025 (Gebietsstand 31.12.2025)",Basis Zensus 2011
12066,Oberspreewald-Lausitz,2011,2011-12-31,116898,Fortschreibung (Bevölkerung am Ort der Hauptwohnung),A,0,"Amt für Statistik Berlin-Brandenburg, Bevölkerungsstand — lange Reihe 1990/91 bis 2025 (Gebietsstand 31.12.2025)",Basis Zensus 2011
12067,Oder-Spree,2011,2011-12-31,177764,Fortschreibung (Bevölkerung am Ort der Hauptwohnung),A,0,"Amt für Statistik Berlin-Brandenburg, Bevölkerungsstand — lange Reihe 1990/91 bis 2025 (Gebietsstand 31.12.2025)",Basis Zensus 2011
12068,Ostprignitz-Ruppin,2011,2011-12-31,99753,Fortschreibung (Bevölkerung am Ort der Hauptwohnung),A,0,"Amt für Statistik Berlin-Brandenburg, Bevölkerungsstand — lange Reihe 1990/91 bis 2025 (Gebietsstand 31.12.2025)",Basis Zensus 2011
12069,Potsdam-Mittelmark,2011,2011-12-31,203391,Fortschreibung (Bevölkerung am Ort der Hauptwohnung),A,0,"Amt für Statistik Berlin-Brandenburg, Bevölkerungsstand — lange Reihe 1990/91 bis 2025 (Gebietsstand 31.12.2025)",Basis Zensus 2011
12070,Prignitz,2011,2011-12-31,79574,Fortschreibung (Bevölkerung am Ort der Hauptwohnung),A,0,"Amt für Statistik Berlin-Brandenburg, Bevölkerungsstand — lange Reihe 1990/91 bis 2025 (Gebietsstand 31.12.2025)",Basis Zensus 2011
12071,Spree-Neiße,2011,2011-12-31,121571,Fortschreibung (Bevölkerung am Ort der Hauptwohnung),A,0,"Amt für Statistik Berlin-Brandenburg, Bevölkerungsstand — lange Reihe 1990/91 bis 2025 (Gebietsstand 31.12.2025)",Basis Zensus 2011
12072,Teltow-Fläming,2011,2011-12-31,159511,Fortschreibung (Bevölkerung am Ort der Hauptwohnung),A,0,"Amt für Statistik Berlin-Brandenburg, Bevölkerungsstand — lange Reihe 1990/91 bis 2025 (Gebietsstand 31.12.2025)",Basis Zensus 2011
12073,Uckermark,2011,2011-12-31,123731,Fortschreibung (Bevölkerung am Ort der Hauptwohnung),A,0,"Amt für Statistik Berlin-Brandenburg, Bevölkerungsstand — lange Reihe 1990/91 bis 2025 (Gebietsstand 31.12.2025)",Basis Zensus 2011
11000,"Berlin, Stadt",2022,2022-12-31,3632853,Fortschreibung (Bevölkerung am Ort der Hauptwohnung),A,0,"Amt für Statistik Berlin-Brandenburg, Bevölkerungsstand — lange Reihe 1990/91 bis 2025 (Gebietsstand 31.12.2025)",Basis Zensus 2022
12051,"Brandenburg an der Havel, Stadt",2022,2022-12-31,73612,Fortschreibung (Bevölkerung am Ort der Hauptwohnung),A,0,"Amt für Statistik Berlin-Brandenburg, Bevölkerungsstand — lange Reihe 1990/91 bis 2025 (Gebietsstand 31.12.2025)",Basis Zensus 2022
12052,"Cottbus, Stadt",2022,2022-12-31,94250,Fortschreibung (Bevölkerung am Ort der Hauptwohnung),A,0,"Amt für Statistik Berlin-Brandenburg, Bevölkerungsstand — lange Reihe 1990/91 bis 2025 (Gebietsstand 31.12.2025)",Basis Zensus 2022
12053,"Frankfurt (Oder), Stadt",2022,2022-12-31,56434,Fortschreibung (Bevölkerung am Ort der Hauptwohnung),A,0,"Amt für Statistik Berlin-Brandenburg, Bevölkerungsstand — lange Reihe 1990/91 bis 2025 (Gebietsstand 31.12.2025)",Basis Zensus 2022
12054,"Potsdam, Stadt",2022,2022-12-31,182987,Fortschreibung (Bevölkerung am Ort der Hauptwohnung),A,0,"Amt für Statistik Berlin-Brandenburg, Bevölkerungsstand — lange Reihe 1990/91 bis 2025 (Gebietsstand 31.12.2025)",Basis Zensus 2022
12060,Barnim,2022,2022-12-31,191525,Fortschreibung (Bevölkerung am Ort der Hauptwohnung),A,0,"Amt für Statistik Berlin-Brandenburg, Bevölkerungsstand — lange Reihe 1990/91 bis 2025 (Gebietsstand 31.12.2025)",Basis Zensus 2022
12061,Dahme-Spreewald,2022,2022-12-31,176373,Fortschreibung (Bevölkerung am Ort der Hauptwohnung),A,0,"Amt für Statistik Berlin-Brandenburg, Bevölkerungsstand — lange Reihe 1990/91 bis 2025 (Gebietsstand 31.12.2025)",Basis Zensus 2022
12062,Elbe-Elster,2022,2022-12-31,99684,Fortschreibung (Bevölkerung am Ort der Hauptwohnung),A,0,"Amt für Statistik Berlin-Brandenburg, Bevölkerungsstand — lange Reihe 1990/91 bis 2025 (Gebietsstand 31.12.2025)",Basis Zensus 2022
12063,Havelland,2022,2022-12-31,168494,Fortschreibung (Bevölkerung am Ort der Hauptwohnung),A,0,"Amt für Statistik Berlin-Brandenburg, Bevölkerungsstand — lange Reihe 1990/91 bis 2025 (Gebietsstand 31.12.2025)",Basis Zensus 2022
12064,Märkisch-Oderland,2022,2022-12-31,196930,Fortschreibung (Bevölkerung am Ort der Hauptwohnung),A,0,"Amt für Statistik Berlin-Brandenburg, Bevölkerungsstand — lange Reihe 1990/91 bis 2025 (Gebietsstand 31.12.2025)",Basis Zensus 2022
12065,Oberhavel,2022,2022-12-31,216849,Fortschreibung (Bevölkerung am Ort der Hauptwohnung),A,0,"Amt für Statistik Berlin-Brandenburg, Bevölkerungsstand — lange Reihe 1990/91 bis 2025 (Gebietsstand 31.12.2025)",Basis Zensus 2022
12066,Oberspreewald-Lausitz,2022,2022-12-31,109091,Fortschreibung (Bevölkerung am Ort der Hauptwohnung),A,0,"Amt für Statistik Berlin-Brandenburg, Bevölkerungsstand — lange Reihe 1990/91 bis 2025 (Gebietsstand 31.12.2025)",Basis Zensus 2022
12067,Oder-Spree,2022,2022-12-31,179748,Fortschreibung (Bevölkerung am Ort der Hauptwohnung),A,0,"Amt für Statistik Berlin-Brandenburg, Bevölkerungsstand — lange Reihe 1990/91 bis 2025 (Gebietsstand 31.12.2025)",Basis Zensus 2022
12068,Ostprignitz-Ruppin,2022,2022-12-31,99294,Fortschreibung (Bevölkerung am Ort der Hauptwohnung),A,0,"Amt für Statistik Berlin-Brandenburg, Bevölkerungsstand — lange Reihe 1990/91 bis 2025 (Gebietsstand 31.12.2025)",Basis Zensus 2022
12069,Potsdam-Mittelmark,2022,2022-12-31,219092,Fortschreibung (Bevölkerung am Ort der Hauptwohnung),A,0,"Amt für Statistik Berlin-Brandenburg, Bevölkerungsstand — lange Reihe 1990/91 bis 2025 (Gebietsstand 31.12.2025)",Basis Zensus 2022
12070,Prignitz,2022,2022-12-31,76322,Fortschreibung (Bevölkerung am Ort der Hauptwohnung),A,0,"Amt für Statistik Berlin-Brandenburg, Bevölkerungsstand — lange Reihe 1990/91 bis 2025 (Gebietsstand 31.12.2025)",Basis Zensus 2022
12071,Spree-Neiße,2022,2022-12-31,111083,Fortschreibung (Bevölkerung am Ort der Hauptwohnung),A,0,"Amt für Statistik Berlin-Brandenburg, Bevölkerungsstand — lange Reihe 1990/91 bis 2025 (Gebietsstand 31.12.2025)",Basis Zensus 2022
12072,Teltow-Fläming,2022,2022-12-31,175569,Fortschreibung (Bevölkerung am Ort der Hauptwohnung),A,0,"Amt für Statistik Berlin-Brandenburg, Bevölkerungsstand — lange Reihe 1990/91 bis 2025 (Gebietsstand 31.12.2025)",Basis Zensus 2022
12073,Uckermark,2022,2022-12-31,117822,Fortschreibung (Bevölkerung am Ort der Hauptwohnung),A,0,"Amt für Statistik Berlin-Brandenburg, Bevölkerungsstand — lange Reihe 1990/91 bis 2025 (Gebietsstand 31.12.2025)",Basis Zensus 2022
11000,"Berlin, Stadt",2025,2025-12-31,3700577,Fortschreibung (Bevölkerung am Ort der Hauptwohnung),A,0,"Amt für Statistik Berlin-Brandenburg, Bevölkerungsstand — lange Reihe 1990/91 bis 2025 (Gebietsstand 31.12.2025)",Basis Zensus 2022
12051,"Brandenburg an der Havel, Stadt",2025,2025-12-31,73945,Fortschreibung (Bevölkerung am Ort der Hauptwohnung),A,0,"Amt für Statistik Berlin-Brandenburg, Bevölkerungsstand — lange Reihe 1990/91 bis 2025 (Gebietsstand 31.12.2025)",Basis Zensus 2022
12052,"Cottbus, Stadt",2025,2025-12-31,95140,Fortschreibung (Bevölkerung am Ort der Hauptwohnung),A,0,"Amt für Statistik Berlin-Brandenburg, Bevölkerungsstand — lange Reihe 1990/91 bis 2025 (Gebietsstand 31.12.2025)",Basis Zensus 2022
12053,"Frankfurt (Oder), Stadt",2025,2025-12-31,56586,Fortschreibung (Bevölkerung am Ort der Hauptwohnung),A,0,"Amt für Statistik Berlin-Brandenburg, Bevölkerungsstand — lange Reihe 1990/91 bis 2025 (Gebietsstand 31.12.2025)",Basis Zensus 2022
12054,"Potsdam, Stadt",2025,2025-12-31,185137,Fortschreibung (Bevölkerung am Ort der Hauptwohnung),A,0,"Amt für Statistik Berlin-Brandenburg, Bevölkerungsstand — lange Reihe 1990/91 bis 2025 (Gebietsstand 31.12.2025)",Basis Zensus 2022
12060,Barnim,2025,2025-12-31,194885,Fortschreibung (Bevölkerung am Ort der Hauptwohnung),A,0,"Amt für Statistik Berlin-Brandenburg, Bevölkerungsstand — lange Reihe 1990/91 bis 2025 (Gebietsstand 31.12.2025)",Basis Zensus 2022
12061,Dahme-Spreewald,2025,2025-12-31,179480,Fortschreibung (Bevölkerung am Ort der Hauptwohnung),A,0,"Amt für Statistik Berlin-Brandenburg, Bevölkerungsstand — lange Reihe 1990/91 bis 2025 (Gebietsstand 31.12.2025)",Basis Zensus 2022
12062,Elbe-Elster,2025,2025-12-31,97017,Fortschreibung (Bevölkerung am Ort der Hauptwohnung),A,0,"Amt für Statistik Berlin-Brandenburg, Bevölkerungsstand — lange Reihe 1990/91 bis 2025 (Gebietsstand 31.12.2025)",Basis Zensus 2022
12063,Havelland,2025,2025-12-31,170792,Fortschreibung (Bevölkerung am Ort der Hauptwohnung),A,0,"Amt für Statistik Berlin-Brandenburg, Bevölkerungsstand — lange Reihe 1990/91 bis 2025 (Gebietsstand 31.12.2025)",Basis Zensus 2022
12064,Märkisch-Oderland,2025,2025-12-31,197192,Fortschreibung (Bevölkerung am Ort der Hauptwohnung),A,0,"Amt für Statistik Berlin-Brandenburg, Bevölkerungsstand — lange Reihe 1990/91 bis 2025 (Gebietsstand 31.12.2025)",Basis Zensus 2022
12065,Oberhavel,2025,2025-12-31,217858,Fortschreibung (Bevölkerung am Ort der Hauptwohnung),A,0,"Amt für Statistik Berlin-Brandenburg, Bevölkerungsstand — lange Reihe 1990/91 bis 2025 (Gebietsstand 31.12.2025)",Basis Zensus 2022
12066,Oberspreewald-Lausitz,2025,2025-12-31,106744,Fortschreibung (Bevölkerung am Ort der Hauptwohnung),A,0,"Amt für Statistik Berlin-Brandenburg, Bevölkerungsstand — lange Reihe 1990/91 bis 2025 (Gebietsstand 31.12.2025)",Basis Zensus 2022
12067,Oder-Spree,2025,2025-12-31,179142,Fortschreibung (Bevölkerung am Ort der Hauptwohnung),A,0,"Amt für Statistik Berlin-Brandenburg, Bevölkerungsstand — lange Reihe 1990/91 bis 2025 (Gebietsstand 31.12.2025)",Basis Zensus 2022
12068,Ostprignitz-Ruppin,2025,2025-12-31,98704,Fortschreibung (Bevölkerung am Ort der Hauptwohnung),A,0,"Amt für Statistik Berlin-Brandenburg, Bevölkerungsstand — lange Reihe 1990/91 bis 2025 (Gebietsstand 31.12.2025)",Basis Zensus 2022
12069,Potsdam-Mittelmark,2025,2025-12-31,221347,Fortschreibung (Bevölkerung am Ort der Hauptwohnung),A,0,"Amt für Statistik Berlin-Brandenburg, Bevölkerungsstand — lange Reihe 1990/91 bis 2025 (Gebietsstand 31.12.2025)",Basis Zensus 2022
12070,Prignitz,2025,2025-12-31,74942,Fortschreibung (Bevölkerung am Ort der Hauptwohnung),A,0,"Amt für Statistik Berlin-Brandenburg, Bevölkerungsstand — lange Reihe 1990/91 bis 2025 (Gebietsstand 31.12.2025)",Basis Zensus 2022
12071,Spree-Neiße,2025,2025-12-31,108574,Fortschreibung (Bevölkerung am Ort der Hauptwohnung),A,0,"Amt für Statistik Berlin-Brandenburg, Bevölkerungsstand — lange Reihe 1990/91 bis 2025 (Gebietsstand 31.12.2025)",Basis Zensus 2022
12072,Teltow-Fläming,2025,2025-12-31,177982,Fortschreibung (Bevölkerung am Ort der Hauptwohnung),A,0,"Amt für Statistik Berlin-Brandenburg, Bevölkerungsstand — lange Reihe 1990/91 bis 2025 (Gebietsstand 31.12.2025)",Basis Zensus 2022
12073,Uckermark,2025,2025-12-31,116422,Fortschreibung (Bevölkerung am Ort der Hauptwohnung),A,0,"Amt für Statistik Berlin-Brandenburg, Bevölkerungsstand — lange Reihe 1990/91 bis 2025 (Gebietsstand 31.12.2025)",Basis Zensus 2022
